2318,Entire home/apt,"Seattle, WA, United States",21,4.5,8,4,2.5,250,47.610819,-122.290816
3335,Entire home/apt,"Seattle, WA, United States",1,,4,2,1,100,47.529846,-122.27584
4291,Private room,"Bellevue, WA, United States",6,3,1,,1,75,47.609575,-122.120515
5682,Entire home/apt,"Seattle, WA, United States",462,5,2,,1,49,47.52398,-122.359891
6606,Entire home/apt,"Seattle, WA, United States",134,4.5,2,1,1,90,47.654109,-122.337605
9419,Private room,"Seattle, WA, United States",130,4.5,2,1,3,65,47.550167,-122.319366
9460,Private room,"Seattle, WA, United States",401,5,2,,1,78,47.60801,-122.328739
9531,Entire home/apt,"Seattle, WA, United States",35,5,4,2,1,165,47.555389,-122.384739
9534,Entire home/apt,"Seattle, WA, United States",36,5,3,2,1,95,47.556236,-122.385981
9596,Entire home/apt,"Seattle, WA, United States",76,4.5,4,1,1,115,47.654787,-122.33652
9909,Entire home/apt,"Seattle, WA, United States",57,4.5,4,2,1,135,47.56612,-122.372726
10209,Private room,"Seattle, WA, United States",36,4.5,1,,1.5,50,47.553646,-122.363257
10385,Private room,"Seattle, WA, United States",94,4.5,2,1,,41,47.695719,-122.311944
10695,Private room,"Seattle, WA, United States",20,5,4,1,1,109,47.697201,-122.313481
11012,Entire home/apt,"Seattle, WA, United States",80,5,8,3,2,250,47.654477,-122.336464
14386,Private room,"Seattle, WA, United States",125,4.5,2,1,1.5,37,47.687246,-122.334696
15108,Private room,"Seattle, WA, United States",70,4.5,6,3,1.5,50,47.688266,-122.335856
15749,Private room,"Seattle, WA, United States",17,4.5,1,1,1,100,47.684072,-122.326488
17951,Entire home/apt,"Seattle, WA, United States",89,5,2,,1,72,47.55484,-122.385124
18042,Entire home/apt,"Kirkland, WA, United States",78,4.5,2,1,1,60,47.685397,-122.180699
19619,Entire home/apt,"Seattle, WA, United States",76,5,4,1,1,140,47.614471,-122.348145
20868,Entire home/apt,"Seattle, WA, United States",119,4.5,6,,1,99,47.695386,-122.313075
20927,Entire home/apt,"Seattle, WA, United States",489,5,2,1,1,59,47.673339,-122.39512
20928,Private room,"Seattle, WA, United States",272,5,2,1,1,45,47.673607,-122.393803
23192,Entire home/apt,"Seattle, WA, United States",98,5,5,1,1,77,47.622366,-122.315918
23356,Entire home/apt,"Seattle, WA, United States",19,4,10,3,2,180,47.534188,-122.281393
23403,Private room,"Bellevue, WA, United States",17,3.5,2,1,1,75,47.611366,-122.119342
24212,Entire home/apt,"Seattle, WA, United States",79,4.5,6,2,1,162,47.614471,-122.348145
25002,Entire home/apt,"Seattle, WA, United States",687,5,4,1,1,70,47.679412,-122.37054
26116,Entire home/apt,"Seattle, WA, United States",143,5,4,2,,269,47.618298,-122.325562
26795,Entire home/apt,"Seattle, WA, United States",59,4.5,5,2,1,165,47.639526,-122.328379
30712,Entire home/apt,"Seattle, WA, United States",85,4,3,1,1,75,47.678901,-122.381863
37234,Entire home/apt,"Seattle, WA, United States",3,4,2,1,1,85,47.688048,-122.39231
38338,Entire home/apt,"Kirkland, WA, United States",55,5,2,1,1,125,47.687503,-122.200172
38545,Entire home/apt,"Seattle, WA, United States",93,5,8,3,2.5,295,47.65324,-122.341553
41401,Entire home/apt,"Seattle, WA, United States",28,5,4,1,1,95,47.560349,-122.314023
43373,Private room,"Seattle, WA, United States",228,4.5,2,,1,44,47.650552,-122.330589
47491,Private room,"Seattle, WA, United States",43,4.5,1,1,1,60,47.692465,-122.286884
48848,Entire home/apt,"Seattle, WA, United States",39,5,2,1,1,110,47.671587,-122.259947
51748,Private room,"Seattle, WA, United States",63,4.5,2,1,1,82,47.687801,-122.313427
52525,Private room,"Seattle, WA, United States",29,4.5,1,1,1,40,47.692701,-122.285479
58503,Entire home/apt,"Seattle, WA, United States",217,4.5,4,2,1,62,47.679467,-122.3566
63733,Entire home/apt,"Seattle, WA, United States",213,5,2,,1,79,47.671714,-122.365888
66540,Private room,"Seattle, WA, United States",25,5,1,1,1,50,47.694208,-122.286249
66611,Private room,"Seattle, WA, United States",24,4.5,1,1,1,40,47.692815,-122.285336
67270,Private room,"Seattle, WA, United States",178,5,2,,1,70,47.561681,-122.272123
69004,Private room,"Redmond, WA, United States",5,3,2,1,1,100,47.661317,-122.130755
76565,Private room,"Seattle, WA, United States",10,4.5,2,1,1,55,47.547002,-122.354441
78963,Private room,"Redmond, WA, United States",7,4.5,1,,1.5,30,47.662076,-122.132483
78965,Private room,"Redmond, WA, United States",14,5,1,1,1.5,33,47.6624,-122.131469
78969,Private room,"Redmond, WA, United States",7,4,1,,1.5,33,47.660809,-122.131052
78975,Private room,"Redmond, WA, United States",4,5,1,1,2,35,47.660885,-122.132493
78980,Private room,"Redmond, WA, United States",10,4.5,1,1,1.5,33,47.661039,-122.132152
79321,Private room,"Bellevue, WA, United States",76,5,2,1,1,55,47.616533,-122.135776
86185,Private room,"Seattle, WA, United States",63,4.5,2,1,1,65,47.582392,-122.394478
103908,Entire home/apt,"Seattle, WA, United States",17,4.5,4,1,1,200,47.684273,-122.326616
103920,Entire home/apt,"Seattle, WA, United States",19,4.5,6,2,1,200,47.684157,-122.325972
107884,Entire home/apt,"Seattle, WA, United States",114,5,3,1,1,75,47.579996,-122.402045
107962,Entire home/apt,"Seattle, WA, United States",219,5,2,1,1,120,47.714885,-122.332964
108765,Entire home/apt,"Seattle, WA, United States",57,5,2,1,1,115,47.552566,-122.30435
116221,Entire home/apt,"Seattle, WA, United States",38,5,2,1,1,135,47.654371,-122.357454
117165,Private room,"Seattle, WA, United States",126,5,2,1,1,100,47.568739,-122.406488
119103,Entire home/apt,"Seattle, WA, United States",350,5,3,1,1,79,47.652309,-122.350005
132120,Entire home/apt,"Seattle, WA, United States",88,5,4,1,1,64,47.669228,-122.335174
132160,Entire home/apt,"Seattle, WA, United States",244,5,6,2,1,90,47.682261,-122.34345
134091,Entire home/apt,"Seattle, WA, United States",152,5,4,1,1,90,47.62254,-122.317085
136480,Private room,"Seattle, WA, United States",56,5,2,1,1,85,47.555084,-122.264553
140331,Private room,"Seattle, WA, United States",140,5,2,,1,75,47.618939,-122.292123
143580,Private room,"Seattle, WA, United States",347,4.5,2,,,82,,
143704,Entire home/apt,"Seattle, WA, United States",338,5,3,1,1,55,47.612313,-122.298252
151545,Entire home/apt,"Seattle, WA, United States",13,3.5,5,2,1.5,125,47.650623,-122.320076
152568,Entire home/apt,"Mercer Island, WA, United States",2,,10,3,4.5,490,47.59259,-122.246703
158345,Private room,"Seattle, WA, United States",412,5,2,1,1,55,47.669921,-122.401464
162563,Private room,"Seattle, WA, United States",9,5,1,1,1,120,47.612942,-122.312636
170273,Entire home/apt,"Seattle, WA, United States",201,5,7,3,2.5,179,47.627674,-122.358611
170469,Private room,"Seattle, WA, United States",84,5,2,1,1,70,47.678299,-122.374931
173896,Private room,"Seattle, WA, United States",274,5,2,,1,50,47.672345,-122.39892
174636,Private room,"Seattle, WA, United States",36,5,3,,1,85,47.511457,-122.256081
175576,Entire home/apt,"Seattle, WA, United States",279,5,2,1,1,85,47.635482,-122.358478
189156,Entire home/apt,"Seattle, WA, United States",254,5,2,,1,59,47.545431,-122.397837
189219,Private room,"Redmond, WA, United States",111,4.5,2,1,1,85,47.693384,-122.130263
190984,Entire home/apt,"Seattle, WA, United States",152,4.5,2,,1,72,47.552842,-122.277894
191795,Entire home/apt,"Kirkland, WA, United States",2,,12,4,2.5,250,47.722114,-122.222447
193836,Entire home/apt,"Seattle, WA, United States",164,4.5,5,1,1,89,47.535701,-122.386312
201550,Entire home/apt,"Redmond, WA, United States",139,5,2,1,1,105,47.676552,-122.137596
202251,Entire home/apt,"Seattle, WA, United States",22,4.5,6,3,1,225,47.677705,-122.359839
210316,Private room,"Seattle, WA, United States",67,5,2,1,4,54,47.699898,-122.366142
215882,Entire home/apt,"Seattle, WA, United States",338,5,2,1,1,84,47.561297,-122.281219
217142,Entire home/apt,"Seattle, WA, United States",132,5,7,2,2,159,47.615339,-122.347905
218741,Private room,"Seattle, WA, United States",131,5,3,1,1,90,47.682309,-122.37875
219532,Entire home/apt,"Seattle, WA, United States",76,4.5,6,3,1.5,275,47.655891,-122.36055
222885,Private room,"Seattle, WA, United States",30,5,2,,1,75,,-122.357389
224763,Entire home/apt,"Seattle, WA, United States",88,4.5,4,1,1,119,47.61386,-122.348787
225820,Private room,"Seattle, WA, United States",83,5,5,2,1,90,47.677809,-122.358621
226495,Entire home/apt,"Seattle, WA, United States",81,4.5,6,2,1,150,47.690487,-122.369019
226536,Private room,"Seattle, WA, United States",167,5,2,1,1,36,47.661197,-122.401446
226677,Private room,"Seattle, WA, United States",132,5,2,1,3,45,47.550617,-122.318268
227636,Entire home/apt,"Seattle, WA, United States",210,5,3,1,1,85,47.668071,-122.362086
229990,Entire home/apt,"Seattle, WA, United States",1,,9,2,2,150,47.578229,-122.411812
231097,Private room,"Seattle, WA, United States",142,5,2,1,1,54,47.70639,-122.280746
233502,Private room,"Seattle, WA, United States",1,,2,,1,60,47.573266,-122.374361
241016,Entire home/apt,"Seattle, WA, United States",82,5,5,3,1,99,47.643286,-122.375819
241032,Entire home/apt,"Seattle, WA, United States",285,4.5,4,1,1,175,47.636289,-122.371025
251922,Entire home/apt,"Seattle, WA, United States",208,5,4,2,1,78,47.581433,-122.394109
254012,Entire home/apt,"Kirkland, WA, United States",178,5,2,1,2,160,47.681471,-122.195685
254340,Entire home/apt,"Seattle, WA, United States",148,5,2,1,,85,47.677166,-122.361693
260613,Entire home/apt,"Seattle, WA, United States",45,5,2,1,1,95,47.68649,-122.368462
261912,Entire home/apt,"Seattle, WA, United States",30,5,4,2,1,150,47.683781,-122.342013
264829,Entire home/apt,"Seattle, WA, United States",47,4.5,7,2,1,87,47.575291,-122.302049
271509,Entire home/apt,"Seattle, WA, United States",65,5,6,2,1,186,47.614845,-122.347534
277416,Entire home/apt,"Seattle, WA, United States",101,5,4,,1,129,47.616075,-122.346677
278830,Entire home/apt,"Seattle, WA, United States",68,4.5,6,3,2,279,47.632918,-122.372471
281208,Entire home/apt,"Seattle, WA, United States",147,5,6,2,2.5,100,47.594711,-122.305588
281789,Private room,"Seattle, WA, United States",52,5,2,1,1,99,47.619883,
282934,Entire home/apt,"Seattle, WA, United States",89,5,2,1,1,140,47.657589,-122.354376
284087,Entire home/apt,"Seattle, WA, United States",157,5,6,2,1,155,47.611481,-122.329121
286080,Entire home/apt,"Seattle, WA, United States",81,4.5,6,2,2,167,47.614616,-122.34803
301059,Entire home/apt,"Seattle, WA, United States",44,5,4,1,1,124,47.614471,-122.348145
303277,Entire home/apt,"Seattle, WA, United States",8,4,2,2,1,104,47.64481,-122.324285
317248,Entire home/apt,"Seattle, WA, United States",147,5,7,2,2,120,47.62254,-122.317085
318475,Entire home/apt,"Seattle, WA, United States",122,5,2,,1.5,130,47.656334,-122.349978
338091,Entire home/apt,"Seattle, WA, United States",116,4.5,4,1,1,220,47.618971,-122.324207
340706,Entire home/apt,"Seattle, WA, United States",183,5,4,1,1,90,47.655885,-122.332136
340738,Entire home/apt,"Seattle, WA, United States",0,,2,1,1,195,47.623443,-122.306587
341454,Entire home/apt,"Seattle, WA, United States",49,5,4,2,1,150,47.611366,-122.311188
353039,Entire home/apt,"Seattle, WA, United States",46,5,4,1,1,114,47.614006,-122.32235
353110,Entire home/apt,"Seattle, WA, United States",69,5,5,1,1,80,47.580029,-122.390251
356248,Entire home/apt,"Seattle, WA, United States",21,5,4,2,1,149,47.650471,-122.320221
356608,Entire home/apt,"Seattle, WA, United States",101,5,6,2,2,166,47.614006,-122.32235
368403,Entire home/apt,"Seattle, WA, United States",28,5,16,6,3,350,47.683545,-122.330911
370361,Private room,"Seattle, WA, United States",193,5,2,1,1,55,47.683483,-122.357054
384797,Entire home/apt,"Seattle, WA, United States",43,5,16,6,2.5,475,47.625698,-122.320954
387078,Entire home/apt,"Seattle, WA, United States",141,5,4,,1,119,47.621778,-122.323787
387464,Entire home/apt,"Seattle, WA, United States",210,5,2,1,1,80,47.676753,-122.293972
392140,Private room,"Seattle, WA, United States",234,5,2,1,1,68,47.58513,-122.315261
392779,Entire home/apt,"Seattle, WA, United States",124,5,4,2,1,101,47.575769,-122.316362
394408,Entire home/apt,"Seattle, WA, United States",48,4.5,4,2,2,150,47.658107,-122.357389
397152,Private room,"Seattle, WA, United States",13,3.5,2,1,1,75,47.659892,-122.330429
408526,Entire home/apt,"Seattle, WA, United States",0,,7,3,4,218,47.675533,-122.376324
413733,Entire home/apt,"Seattle, WA, United States",138,5,5,2,1,125,47.60907,-122.296133
424624,Entire home/apt,"Bellevue, WA, United States",69,5,2,1,1,99,47.595502,-122.133128
430609,Entire home/apt,"Seattle, WA, United States",46,5,8,3,2.5,229,47.658459,-122.34819
430610,Entire home/apt,"Seattle, WA, United States",93,5,8,3,3,247,47.653557,-122.339516
443942,Entire home/apt,"Seattle, WA, United States",33,4.5,2,1,1,125,47.615828,-122.340777
445199,Private room,"Seattle, WA, United States",96,5,2,1,1,80,47.569658,-122.361711
447523,Private room,"Seattle, WA, United States",178,5,2,1,1,50,47.685232,-122.289435
451012,Entire home/apt,"Seattle, WA, United States",2,,6,3,2,195,,
461234,Entire home/apt,"Seattle, WA, United States",244,5,2,,1,99,47.683941,-122.373046
461567,Private room,"Seattle, WA, United States",261,5,3,1,1,70,47.69736,-122.376222
475361,Entire home/apt,"Seattle, WA, United States",114,5,2,1,1,76,47.717962,-122.291141
483592,Private room,"Redmond, WA, United States",10,4.5,1,,1,30,47.661073,-122.131011
490076,Entire home/apt,"Seattle, WA, United States",275,4.5,3,1,1,70,47.654298,-122.352589
491958,Entire home/apt,"Seattle, WA, United States",298,5,4,1,1,75,47.560511,-122.278948
493591,Private room,"Seattle, WA, United States",158,5,2,,4,53,47.702954,-122.368612
496074,Entire home/apt,"Seattle, WA, United States",141,4.5,4,1,1,95,47.678046,-122.360426
506542,Entire home/apt,"Seattle, WA, United States",163,5,4,,1,91,47.658539,-122.325818
515598,Private room,"Seattle, WA, United States",22,5,2,1,2,45,47.569991,-122.360714
522270,Entire home/apt,"Seattle, WA, United States",18,5,2,1,1,135,47.637318,-122.340492
527273,Private room,"Seattle, WA, United States",26,5,2,,2,45,47.568856,-122.361844
544433,Entire home/apt,"Seattle, WA, United States",398,5,2,1,1,95,47.620818,-122.356335
552325,Entire home/apt,"Seattle, WA, United States",7,4,4,2,1,149,47.650425,-122.320206
555182,Entire home/apt,"Seattle, WA, United States",18,4.5,6,3,1,275,47.683623,-122.288278
557126,Private room,"Seattle, WA, United States",336,5,2,1,1,91,47.619677,-122.324147
564220,Private room,"Seattle, WA, United States",110,4.5,2,1,1,41,47.579165,-122.292119
564428,Private room,"Seattle, WA, United States",230,4.5,2,1,1,47,47.579554,-122.293686
565703,Entire home/apt,"Seattle, WA, United States",302,4.5,4,2,1,70,47.62125,-122.296967
566435,Private room,"Seattle, WA, United States",89,5,2,,4,52,47.701551,-122.366511
568421,Entire home/apt,"Redmond, WA, United States",125,5,3,1,1,55,47.679583,-122.116795
573677,Entire home/apt,"Bellevue, WA, United States",113,5,2,3,2,100,47.645242,-122.158847
573942,Private room,"Seattle, WA, United States",142,5,2,1,3,50,47.550037,-122.317421
580815,Entire home/apt,"Seattle, WA, United States",45,5,2,1,1,89,47.613895,-122.322281
598023,Private room,"Seattle, WA, United States",13,5,1,1,1,79,47.562206,-122.385978
604600,Entire home/apt,"Seattle, WA, United States",1,,4,1,1,210,47.614364,-122.331716
606297,Entire home/apt,"Seattle, WA, United States",137,4.5,14,5,3,249,47.577561,-122.304281
609252,Entire home/apt,"Seattle, WA, United States",2,,4,2,1,275,47.698613,-122.363442
609421,Entire home/apt,"Seattle, WA, United States",13,5,6,2,1,295,47.696562,-122.362751
609610,Entire home/apt,"Seattle, WA, United States",22,5,4,1,1,90,47.569615,-122.293955
609701,Entire home/apt,"Seattle, WA, United States",451,5,2,1,1,85,47.656508,-122.360571
611500,Entire home/apt,"Seattle, WA, United States",40,4,9,3,2,115,47.577271,-122.301857
611509,Private room,"Seattle, WA, United States",73,5,2,1,1,80,47.663695,-122.336225
613020,Private room,"Seattle, WA, United States",145,5,2,1,1,79,47.518552,-122.391188
635878,Entire home/apt,"Seattle, WA, United States",28,4,3,,1,89,47.661538,-122.313591
637710,Entire home/apt,"Seattle, WA, United States",97,5,8,3,1,240,47.651609,-122.356066
639130,Entire home/apt,"Seattle, WA, United States",13,4.5,8,4,3,250,47.609749,-122.290109
649243,Private room,"Seattle, WA, United States",230,5,1,1,3,49,47.655872,-122.356884
654734,Entire home/apt,"Seattle, WA, United States",74,4.5,4,1,1,165,47.612343,-122.329722
657257,Entire home/apt,"Seattle, WA, United States",3,3.5,4,1,1,140,47.645974,-122.362324
658540,Private room,"Seattle, WA, United States",39,5,2,1,1,34,47.603416,-122.308578
661708,Entire home/apt,"Seattle, WA, United States",7,5,6,2,2.5,245,47.624234,-122.290419
674113,Private room,"Seattle, WA, United States",233,5,1,1,1,42,47.568408,-122.286214
677266,Private room,"Seattle, WA, United States",83,4.5,2,1,3,65,47.550411,-122.318565
677365,Entire home/apt,"Seattle, WA, United States",53,5,6,2,1,98,47.529245,-122.358525
681866,Private room,"Seattle, WA, United States",28,5,2,1,1,60,47.59243,-122.3019
689309,Private room,"Seattle, WA, United States",10,5,2,1,1,125,47.722727,
699460,Private room,"Seattle, WA, United States",223,5,2,1,1,95,47.671691,-122.385239
703058,Entire home/apt,"Seattle, WA, United States",140,5,4,2,1,175,47.652434,-122.337853
704764,Entire home/apt,"Seattle, WA, United States",226,5,5,2,1,130,47.642152,-122.369593
706385,Entire home/apt,"Seattle, WA, United States",389,5,2,1,1,97,47.64339,-122.325822
707599,Entire home/apt,"Seattle, WA, United States",69,5,8,3,2.5,255,47.565436,-122.390757
708774,Entire home/apt,"Seattle, WA, United States",120,5,4,1,1,91,47.639996,-122.32412
710370,Entire home/apt,"Seattle, WA, United States",19,4.5,6,2,2,199,47.638063,-122.277923
720742,Entire home/apt,"Seattle, WA, United States",5,3.5,4,2,3,185,47.667456,-122.35988
722537,Entire home/apt,"Seattle, WA, United States",55,5,6,2,1,175,47.629957,-122.30861
723723,Entire home/apt,"Seattle, WA, United States",50,4.5,1,1,1,155,47.619662,-122.289557
723846,Entire home/apt,"Seattle, WA, United States",103,5,3,0,1,90,47.696531,-122.317259
741699,Entire home/apt,"Seattle, WA, United States",190,5,4,2,1,166,47.555463,-122.272184
748526,Entire home/apt,"Seattle, WA, United States",84,4.5,2,1,1,81,47.679447,-122.363549
752483,Entire home/apt,"Seattle, WA, United States",127,5,4,2,2,105,47.619949,-122.31665
755613,Private room,"Seattle, WA, United States",80,5,2,1,1,82,47.573754,-122.29272
757840,Entire home/apt,"Seattle, WA, United States",261,5,10,4,2.5,250,47.631526,-122.358427
760471,Entire home/apt,"Seattle, WA, United States",36,5,3,1,2.5,200,47.566741,-122.381084
769213,Entire home/apt,"Seattle, WA, United States",386,5,2,,1,66,,
778382,Entire home/apt,"Seattle, WA, United States",14,3,6,2,3,275,47.633769,-122.31195
785830,Entire home/apt,"Seattle, WA, United States",6,4.5,10,5,3.5,400,47.606737,-122.290088
788146,Private room,"Seattle, WA, United States",27,5,2,1,1.5,68,47.551422,-122.280875
789229,Entire home/apt,"Seattle, WA, United States",111,5,4,1,1,149,47.595828,-122.332346
790860,Entire home/apt,"Seattle, WA, United States",11,5,8,3,1,250,47.68533,-122.324852
793629,Entire home/apt,"Seattle, WA, United States",247,5,2,1,1,60,47.579067,-122.315388
794264,Private room,"Bellevue, WA, United States",138,5,1,1,1,88,47.624101,-122.203553
796329,Private room,"Redmond, WA, United States",169,5,2,1,1,50,47.695759,-122.129814
797358,Private room,"Seattle, WA, United States",154,5,2,1,1,42,47.571243,-122.290788
798486,Private room,"Seattle, WA, United States",39,5,1,1,1,50,47.509961,-122.341976
803902,Entire home/apt,"Seattle, WA, United States",14,5,6,3,1.5,250,47.577286,-122.409172
808134,Entire home/apt,"Seattle, WA, United States",63,5,6,2,2,144,47.614502,-122.348206
823989,Entire home/apt,"Seattle, WA, United States",182,4.5,8,2,1,69,47.705528,-122.345467
828298,Entire home/apt,"Seattle, WA, United States",46,4.5,5,2,1,164,47.611855,-122.330491
838764,Entire home/apt,"Seattle, WA, United States",28,5,8,2,2,150,47.577008,-122.411667
841274,Entire home/apt,"Seattle, WA, United States",99,5,4,1,1,82,47.583572,-122.295901
846763,Private room,"Seattle, WA, United States",60,5,2,1,1,40,47.681037,-122.309286
867758,Entire home/apt,"Seattle, WA, United States",0,,4,1,1.5,200,47.623025,-122.320884
871882,Entire home/apt,"Bellevue, WA, United States",131,5,2,1,1,160,47.641287,-122.221201
877203,Private room,"Seattle, WA, United States",62,5,2,,1.5,60,47.600266,-122.299867
879181,Private room,"Seattle, WA, United States",68,5,2,1,1.5,60,47.60051,-122.301994
890478,Entire home/apt,"Mercer Island, WA, United States",0,,8,4,4,320,47.529185,-122.222475
890677,Entire home/apt,"Seattle, WA, United States",89,5,6,2,2.5,172,47.623302,-122.319976
902243,Entire home/apt,"Seattle, WA, United States",56,5,7,2,2,159,47.615969,-122.345089
902609,Entire home/apt,"Seattle, WA, United States",178,5,3,1,1,45,47.523827,-122.352867
904057,Entire home/apt,"Seattle, WA, United States",295,5,3,,1,60,47.665391,-122.366099
909102,Private room,"Seattle, WA, United States",160,5,2,1,1.5,99,47.627823,-122.353415
922986,Entire home/apt,"Seattle, WA, United States",75,4.5,6,2,2,120,47.606002,-122.338613
931785,Entire home/apt,"Seattle, WA, United States",70,5,6,2,2,133,47.606083,-122.339434
934123,Entire home/apt,"Seattle, WA, United States",32,4.5,6,2,2,100,47.606919,-122.339713
934216,Entire home/apt,"Seattle, WA, United States",66,4.5,6,2,2,135,47.606619,-122.339025
935432,Entire home/apt,"Seattle, WA, United States",19,5,6,2,2,110,47.606003,-122.3389
935671,Entire home/apt,"Seattle, WA, United States",86,4.5,6,2,2,118,47.605767,-122.337571
936177,Entire home/apt,"Seattle, WA, United States",30,4.5,6,2,2,100,47.607008,-122.337206
936378,Entire home/apt,"Seattle, WA, United States",7,4.5,4,1,1,100,47.607361,-122.339602
936484,Entire home/apt,"Seattle, WA, United States",26,4.5,3,1,1,110,47.608546,-122.339192
942490,Private room,"Seattle, WA, United States",118,4.5,6,1,1,98,47.690113,-122.363969
948077,Entire home/apt,"Seattle, WA, United States",258,5,2,1,1,99,47.628452,-122.325134
949751,Private room,"Redmond, WA, United States",59,5,1,1,1,42,47.670953,-122.139243
953595,Entire home/apt,"Seattle, WA",133,5,4,1,1,95,47.639123,-122.365666
955506,Entire home/apt,"Seattle, WA, United States",40,5,5,2,1,125,47.689728,
973859,Entire home/apt,"Seattle, WA, United States",219,4.5,6,2,1,95,47.607675,-122.305618
977722,Entire home/apt,"Seattle, WA, United States",122,5,2,,1,51,47.665198,-122.305289
993804,Entire home/apt,"Seattle, WA, United States",4,3.5,4,1,1,66,47.662851,-122.285106
995443,Entire home/apt,"Seattle, WA, United States",42,5,2,1,1,70,47.545173,-122.270136
1000883,Entire home/apt,"Seattle, WA, United States",136,5,2,,1,100,47.580449,-122.396871
1002835,Entire home/apt,"Seattle, WA, United States",57,4.5,5,2,1,110,47.622426,-122.298339
1003890,Entire home/apt,"Seattle, WA, United States",176,4.5,6,3,1,99,47.529873,-122.359823
1009838,Private room,"Seattle, WA, United States",171,4.5,2,1,1,53,47.569473,-122.280107
1012003,Private room,"Seattle, WA, United States",31,5,4,1,1,145,47.639757,-122.322252
1022135,Private room,"Seattle, WA, United States",9,4.5,2,1,1,55,47.706086,-122.341683
1023693,Entire home/apt,"Seattle, WA, United States",211,5,2,,1,75,47.677209,-122.369696
1042022,Entire home/apt,"Seattle, WA, United States",226,5,2,1,1,89,47.634204,-122.280113
1043194,Entire home/apt,"Seattle, WA, United States",46,5,4,1,1,165,47.612885,-122.329241
1048798,Entire home/apt,"Seattle, WA, United States",237,5,4,1,2,99,47.526789,-122.383462
1071203,Private room,"Seattle, WA, United States",30,3.5,2,,1,89,47.6552,-122.359371
1071843,Entire home/apt,"Seattle, WA, United States",323,5,4,1,1,110,47.621281,-122.356752
1084117,Entire home/apt,"Seattle, WA, United States",15,4.5,6,2,2,133,47.606788,-122.338241
1090307,Private room,"Seattle, WA, United States",128,5,2,1,1,109,47.677015,-122.330848
1090449,Entire home/apt,"Seattle, WA, United States",267,5,4,1,1,95,47.617846,-122.328095
1097520,Entire home/apt,"Seattle, WA, United States",180,5,2,1,1.5,92,47.569043,-122.282822
1100375,Entire home/apt,"Seattle, WA, United States",3,5,4,2,1,85,47.663476,-122.285584
1100686,Private room,"Seattle, WA, United States",264,5,3,1,1,48,47.654452,-122.354403
1110749,Entire home/apt,"Seattle, WA, United States",255,4.5,6,3,1.5,64,47.635303,-122.363274
1112092,Entire home/apt,"Seattle, WA, United States",41,5,3,1,1,135,47.635308,-122.366532
1114695,Entire home/apt,"Seattle, WA, United States",55,5,8,3,2.5,196,47.662148,-122.338791
1121599,Entire home/apt,"Seattle, WA, United States",319,5,4,1,1,95,47.635479,-122.340745
1121819,Entire home/apt,"Seattle, WA, United States",78,4.5,8,3,2,274,47.627036,-122.337377
1122236,Entire home/apt,"Seattle, WA, United States",111,5,4,,1,119,47.623304,-122.325956
1136522,Entire home/apt,"Seattle, WA, United States",17,4.5,4,1,1,115,47.668422,-122.298793
1136984,Entire home/apt,"Seattle, WA, United States",200,4.5,4,1,1,100,47.611595,-122.330762
1141226,Entire home/apt,"Seattle, WA, United States",49,5,4,1,1,174,47.61385,-122.322449
1142039,Private room,"Seattle, WA, United States",45,5,1,1,1,50,47.701221,-122.30815
1145148,Entire home/apt,"Seattle, WA, United States",15,5,6,3,2,375,47.554044,-122.361705
1145941,Entire home/apt,"Seattle, WA, United States",179,4.5,6,3,1.5,175,47.678573,-122.313379
1146966,Private room,"Seattle, WA, United States",220,5,4,1,1,45,47.654871,-122.353256
1150519,Entire home/apt,"Seattle, WA, United States",17,5,7,3,1.5,300,47.673162,-122.314152
1157083,Entire home/apt,"Seattle, WA, United States",40,5,6,2,2,265,47.611696,-122.329294
1159111,Entire home/apt,"Seattle, WA, United States",92,5,6,2,1,156,47.61385,-122.322449
1159226,Entire home/apt,"Seattle, WA, United States",53,5,4,2,1,174,47.61385,-122.322449
1163345,Entire home/apt,"Seattle, WA, United States",312,4.5,2,,1,100,47.602952,-122.333294
1167507,Entire home/apt,"Seattle, WA, United States",102,5,2,1,1,130,47.633003,-122.348083
1171574,Private room,"Seattle, WA, United States",361,5,2,1,1,47,47.60813,-122.293766
1175464,Private room,"Seattle, WA, United States",37,4.5,3,1,1,55,47.633901,-122.34713
1184846,Entire home/apt,"Seattle, WA, United States",75,5,2,,1,120,47.649789,-122.334064
1190224,Private room,"Seattle, WA, United States",27,5,1,1,1,60,47.694242,-122.277246
1190571,Private room,"Seattle, WA, United States",25,4.5,2,1,1,60,47.694972,-122.277481
1200083,Entire home/apt,"Seattle, WA, United States",16,4.5,4,,1,100,47.605557,-122.339089
1200231,Entire home/apt,"Seattle, WA, United States",8,4,4,1,1,100,47.606152,-122.337346
1205666,Private room,"Seattle, WA, United States",274,5,2,1,1.5,79,47.528955,-122.385944
1209447,Entire home/apt,"Seattle, WA, United States",10,4,6,3,2,149,47.568217,-122.281673
1220471,Entire home/apt,"Seattle, WA, United States",6,4.5,3,2,1.5,400,47.615978,-122.326931
1220816,Entire home/apt,"Seattle, WA, United States",56,4.5,7,,1,89,47.685546,-122.363262
1246769,Entire home/apt,"Seattle, WA, United States",314,5,2,1,1,115,47.612148,-122.329712
1249060,Private room,"Seattle, WA, United States",170,4.5,3,1,1,65,47.605186,-122.312302
1252084,Private room,"Seattle, WA, United States",0,,6,3,2,111,47.605657,-122.33186
1252740,Private room,"Seattle, WA, United States",196,5,3,,1,62,47.662668,-122.345044
1255787,Private room,"Seattle, WA, United States",13,4.5,1,1,1,35,47.679001,-122.363676
1256892,Entire home/apt,"Seattle, WA, United States",182,5,4,1,1,100,47.679371,-122.356968
1260259,Entire home/apt,"Seattle, WA, United States",98,5,3,1,1,155,47.660564,-122.401864
1263470,Entire home/apt,"Seattle, WA, United States",7,4,2,1,,100,47.530898,-122.277116
1273432,Entire home/apt,"Seattle, WA, United States",26,5,6,2,2.5,275,47.602493,-122.308927
1289082,Entire home/apt,"Seattle, WA, United States",58,4.5,6,3,2,250,47.690487,-122.369019
1298827,Entire home/apt,"Seattle, WA, United States",31,4.5,2,1,1,69,47.6599,-122.399218
1301535,Entire home/apt,"Seattle, WA, United States",210,5,7,2,1,100,47.682113,-122.378638
1301904,Entire home/apt,"Bellevue, WA, United States",63,4.5,4,2,1,90,47.59444,-122.206543
1305353,Entire home/apt,"Seattle, WA, United States",109,4.5,4,1,1,79,47.65031,-122.324476
1307898,Entire home/apt,"Seattle, WA, United States",26,5,9,5,4.5,500,47.626363,-122.309927
1309666,Entire home/apt,"Seattle, WA, United States",5,4,4,,1,160,47.662794,-122.348789
1343837,Private room,"Mercer Island, WA, United States",31,4.5,2,1,1.5,82,47.572735,-122.219188
1349175,Private room,"Seattle, WA, United States",327,5,4,1,1,61,47.634174,-122.322232
1351716,Entire home/apt,"Seattle, WA, United States",206,5,4,1,1,105,47.595236,-122.309725
1356339,Entire home/apt,"Seattle, WA, United States",130,5,4,1,1,119,47.622137,-122.325702
1371152,Entire home/apt,"Seattle, WA, United States",52,5,8,2,1.5,180,47.656989,-122.319617
1407502,Private room,"Seattle, WA, United States",21,4.5,1,1,1,70,47.674313,-122.367969
1416279,Entire home/apt,"Seattle, WA, United States",69,5,2,1,1,96,47.626081,-122.325391
1422036,Entire home/apt,"Seattle, WA, United States",43,4.5,6,3,1.5,180,47.636807,-122.363352
1427103,Entire home/apt,"Seattle, WA, United States",213,4.5,4,,1,75,47.653172,-122.337299
1427894,Entire home/apt,"Bellevue, WA, United States",58,5,2,,1,149,47.605743,-122.181438
1432713,Entire home/apt,"Seattle, WA, United States",385,4.5,3,,1,115,47.620167,-122.307855
1439237,Private room,"Seattle, WA, United States",88,5,2,1,1,76,47.608237,-122.29009
1450262,Entire home/apt,"Seattle, WA, United States",39,5,4,2,3,350,47.669143,-122.279867
1455269,Entire home/apt,"Seattle, WA, United States",172,5,6,3,1,100,47.567915,-122.290736
1461971,Entire home/apt,"Seattle, WA, United States",12,4.5,4,2,1,149,47.712305,-122.311486
1472532,Entire home/apt,"Seattle, WA, United States",457,5,3,1,1,130,47.612425,-122.343783
1483944,Private room,"Seattle, WA, United States",139,5,6,1,1,45,47.689768,-122.334647
1484595,Entire home/apt,"Seattle, WA, United States",21,4,3,1,1,80,47.659153,-122.315866
1488166,Entire home/apt,"Seattle, WA, United States",55,5,10,3,2,295,47.675945,-122.400734
1494986,Entire home/apt,"Seattle, WA, United States",102,5,4,1,1.5,116,47.633457,-122.345581
1499596,Entire home/apt,"Seattle, WA, United States",25,5,6,2,2,220,47.602939,-122.308409
1500353,Entire home/apt,"Seattle, WA, United States",24,5,2,1,1,145,47.637886,-122.341084
1511620,Shared room,"Seattle, WA, United States",12,5,1,1,0.5,70,47.625287,-122.319425
1520449,Shared room,"Seattle, WA, United States",19,4.5,1,,0.5,70,47.624094,-122.319695
1520501,Shared room,"Seattle, WA, United States",6,4,1,1,0.5,70,47.624301,-122.319154
1520533,Shared room,"Seattle, WA, United States",17,4.5,1,1,0.5,70,47.625135,-122.32051
1520549,Shared room,"Seattle, WA, United States",9,4.5,1,1,0.5,70,47.625063,-122.319053
1520581,Shared room,"Seattle, WA, United States",15,5,1,,0.5,70,47.623839,-122.32176
1520593,Private room,"Seattle, WA, United States",17,4,2,1,0.5,130,47.623883,-122.319589
1531351,Entire home/apt,"Seattle, WA, United States",30,4,4,1,1,100,47.657032,-122.317692
1531458,Entire home/apt,"Seattle, WA, United States",59,4.5,4,,1,88,47.667016,-122.304401
1534622,Private room,"Seattle, WA, United States",30,4,1,,1,49,47.666062,-122.296492
1537246,Entire home/apt,"Seattle, WA, United States",61,5,2,1,1,139,47.624463,-122.324695
1538676,Entire home/apt,"Seattle, WA, United States",4,4,2,1,1,67,47.670292,-122.365769
1538865,Entire home/apt,"Seattle, WA, United States",37,5,4,2,1,95,47.573562,-122.390993
1539463,Private room,"Seattle, WA, United States",51,5,2,1,1,75,47.613594,-122.295058
1561256,Private room,"Seattle, WA, United States",171,5,2,,1,34,47.693193,-122.338476
1562643,Entire home/apt,"Seattle, WA, United States",54,4.5,6,4,3.5,260,47.625427,-122.324959
1571230,Entire home/apt,"Seattle, WA, United States",13,3.5,2,,1,80,47.661168,-122.314651
1579615,Entire home/apt,"Seattle, WA, United States",142,5,4,1,1,82,47.675822,-122.38971
1583047,Entire home/apt,"Seattle, WA, United States",9,4.5,2,1,,125,47.613453,-122.323451
1588658,Entire home/apt,"Seattle, WA, United States",14,5,6,2,1,120,47.668679,-122.315841
1588941,Entire home/apt,"Seattle, WA, United States",79,5,2,1,1,85,47.683643,-122.373349
1588992,Entire home/apt,"Seattle, WA, United States",111,5,2,1,1,75,47.553295,-122.285722
1589681,Entire home/apt,"Seattle, WA, United States",196,4.5,2,,1,55,47.678761,-122.383089
1589732,Entire home/apt,"Seattle, WA, United States",23,4,3,,1,93,47.658523,-122.317704
1593991,Private room,"Seattle, WA, United States",46,5,2,1,0.5,150,47.691639,-122.381233
1594219,Private room,"Seattle, WA, United States",75,5,2,1,2,49,47.714682,-122.356348
1594313,Private room,"Seattle, WA, United States",73,5,2,1,2,49,47.715424,-122.353943
1599010,Entire home/apt,"Seattle, WA, United States",10,4.5,3,,1,100,47.661118,-122.314637
1601714,Entire home/apt,"Seattle, WA, United States",35,4.5,3,1,1,129,47.614419,-122.336206
1602421,Private room,"Seattle, WA, United States",74,4.5,2,1,1.5,40,47.687131,-122.334514
1603408,Entire home/apt,"Seattle, WA, United States",30,4.5,4,1,1,99,47.6585,-122.317266
1609922,Entire home/apt,"Seattle, WA, United States",33,5,4,2,1.5,149,47.671666,-122.377912
1614502,Private room,"Seattle, WA, United States",147,5,3,,1,50,47.610253,-122.305049
1618449,Entire home/apt,"Kirkland, WA, United States",28,5,4,1,1,110,47.713748,-122.215574
1618842,Entire home/apt,"Seattle, WA, United States",297,5,4,,1,79,47.665245,-122.37041
1622420,Private room,"Bellevue, WA, United States",6,4.5,2,1,1,75,47.611595,-122.120527
1628210,Entire home/apt,"Seattle, WA, United States",12,5,4,2,1,125,47.680316,-122.350418
1629525,Private room,"Seattle, WA, United States",2,,1,1,1,60,47.576376,-122.302527
1634285,Entire home/apt,"Seattle, WA, United States",1,,16,6,3,800,47.658257,-122.350817
1647216,Entire home/apt,"Seattle, WA, United States",20,4,2,,1,75,47.662433,-122.313931
1652097,Entire home/apt,"Seattle, WA, United States",97,4.5,4,1,1,110,47.647933,-122.323343
1652107,Entire home/apt,"Seattle, WA, United States",243,4.5,8,3,1,61,47.524754,-122.281738
1684236,Entire home/apt,"Seattle, WA, United States",157,5,2,1,1,115,47.612148,-122.329712
1686930,Entire home/apt,"Seattle, WA, United States",245,5,6,,1,49,47.629816,-122.366212
1691255,Private room,"Redmond, WA, United States",16,5,2,1,1,79,47.704355,-122.121336
1696015,Entire home/apt,"Seattle, WA, United States",29,4.5,8,3,2,195,47.631495,-122.395437
1696194,Entire home/apt,"Seattle, WA, United States",46,4.5,4,1,1,165,47.633013,-122.395017
1696389,Entire home/apt,"Seattle, WA, United States",1,,6,3,2,185,47.631494,-122.372125
1700328,Private room,"Redmond, WA, United States",32,5,1,,1,52,47.696934,-122.129714
1702092,Entire home/apt,"Seattle, WA, United States",14,5,3,1,1,122,47.662958,-122.348666
1715582,Private room,"Seattle, WA, United States",48,5,2,1,1.5,65,47.662477,-122.332659
1716901,Entire home/apt,"Seattle, WA, United States",77,5,4,,1,64,47.620297,-122.325294
1722493,Entire home/apt,"Seattle, WA, United States",25,5,6,2,1,79,47.681961,-122.343391
1732441,Entire home/apt,"Seattle, WA, United States",139,5,3,,1,85,47.562119,-122.361218
1737244,Private room,"Seattle, WA, United States",36,5,3,1,1,70,47.669738,-122.280517
1739843,Entire home/apt,"Seattle, WA, United States",18,4.5,5,2,2,165,47.660583,-122.361524
1758935,Private room,"Seattle, WA, United States",513,4.5,2,,1,45,47.569289,-122.285545
1763809,Private room,"Seattle, WA, United States",238,5,2,1,2,45,47.611717,-122.31308
1764100,Entire home/apt,"Seattle, WA, United States",41,4.5,2,,1,99,47.662414,-122.312986
1772119,Private room,"Seattle, WA, United States",182,5,2,1,2,58,47.606207,-122.306835
1773803,Entire home/apt,"Seattle, WA, United States",270,4,6,1,1,49,47.65877,-122.31369
1775016,Private room,"Seattle, WA, United States",262,5,2,,1.5,59,47.625427,-122.324959
1781723,Private room,"Seattle, WA, United States",105,5,2,1,1,52,47.659469,-122.352126
1781873,Entire home/apt,"Seattle, WA, United States",102,4.5,2,1,1,85,47.667597,-122.364702
1789341,Entire home/apt,"Seattle, WA, United States",25,5,2,1,1,125,47.672354,-122.366175
1796217,Entire home/apt,"Seattle, WA, United States",44,5,8,3,2.5,198,47.647209,-122.35569
1796861,Entire home/apt,"Seattle, WA, United States",67,5,6,3,1.5,299,47.675724,-122.324693
1797207,Entire home/apt,"Seattle, WA, United States",70,4.5,6,2,2,154,47.614655,-122.348297
1802663,Entire home/apt,"Seattle, WA, United States",174,5,4,1,1,100,47.656119,-122.339032
1807936,Entire home/apt,"Seattle, WA, United States",16,4.5,4,2,1.5,100,47.701095,-122.314811
1815472,Entire home/apt,"Seattle, WA, United States",311,4.5,2,1,1,90,47.600807,-122.332168
1817878,Entire home/apt,"Seattle, WA, United States",95,5,6,2,2,90,47.6026,-122.309515
1820794,Entire home/apt,"Seattle, WA, United States",296,5,2,,1,105,47.630333,-122.347627
1826155,Private room,"Seattle, WA, United States",206,5,2,1,3,111,47.606461,-122.307478
1827586,Entire home/apt,"Seattle, WA, United States",31,5,8,3,2,375,47.553513,-122.26161
1851863,Entire home/apt,"Seattle, WA, United States",40,5,4,1,1,95,47.697103,-122.344556
1872885,Private room,"Seattle, WA, United States",15,5,1,1,1,90,47.593106,-122.320155
1875910,Entire home/apt,"Mercer Island, WA, United States",12,5,3,2,1.5,179,47.570868,-122.206223
1885801,Private room,"Seattle, WA, United States",0,,2,1,1,150,47.52674,-122.2748
1900698,Private room,"Seattle, WA, United States",165,4.5,2,1,1.5,47,47.553144,-122.280881
1901706,Private room,"Seattle, WA, United States",42,5,2,,1,155,47.613907,-122.32235
1905473,Private room,"Seattle, WA, United States",7,4.5,2,1,1,75,47.605269,-122.298788
1909058,Private room,"Seattle, WA, United States",121,5,2,,1,90,47.636605,-122.368519
1914051,Entire home/apt,"Seattle, WA, United States",151,5,2,1,1,69,47.641415,-122.365496
1925661,Private room,"Seattle, WA, United States",87,5,2,1,1,44,47.577795,-122.302581
1928010,Private room,"Seattle, WA, United States",343,5,2,1,1.5,59,47.625427,-122.324959
1935439,Private room,"Seattle, WA, United States",4,4.5,2,1,2,49,47.703299,-122.360732
1950012,Private room,"Seattle, WA, United States",34,5,2,,1,50,47.545437,-122.319127
1954452,Entire home/apt,"Seattle, WA, United States",74,5,3,1,1,220,47.613462,-122.330548
1956094,Private room,"Seattle, WA, United States",258,5,4,1,1,51,47.682747,-122.38947
1956274,Entire home/apt,"Seattle, WA, United States",150,5,2,1,1.5,110,47.668692,-122.396089
1976382,Entire home/apt,"Seattle, WA, United States",70,5,4,,1,119,47.621803,-122.325248
1978743,Private room,"Seattle, WA, United States",114,5,2,,3,87,47.607619,-122.308325
1980283,Entire home/apt,"Seattle, WA, United States",98,4.5,4,2,1,85,47.550982,-122.374195
1980395,Entire home/apt,"Seattle, WA, United States",48,5,6,2,2.5,108,47.566126,-122.366581
1983713,Entire home/apt,"Seattle, WA, United States",39,5,3,1,1,80,47.591805,-122.293716
2004931,Entire home/apt,"Seattle, WA, United States",49,4.5,3,1,1,83,47.614976,-122.323857
2016613,Entire home/apt,"Seattle, WA, United States",38,5,8,4,3,350,47.564699,-122.288819
2020505,Entire home/apt,"Seattle, WA, United States",106,5,2,,1,165,47.641452,-122.352885
2026794,Private room,"Seattle, WA, United States",207,4.5,2,1,1,49,47.659297,-122.333096
2027236,Private room,"Seattle, WA, United States",239,5,2,1,1,59,47.509958,-122.256018
2032805,Private room,"Seattle, WA, United States",141,5,2,1,2,70,47.607946,-122.30754
2033191,Entire home/apt,"Seattle, WA, United States",115,5,4,2,1,135,47.676117,-122.332214
2037250,Private room,"Seattle, WA, United States",51,5,2,1,1,80,47.684649,-122.357716
2039149,Entire home/apt,"Seattle, WA, United States",367,4.5,10,3,2,79,47.665676,-122.36322
2067910,Private room,"Redmond, WA, United States",16,5,1,,1,25,47.697783,-122.131848
2069917,Entire home/apt,"Seattle, WA, United States",58,4.5,3,1,1,52,47.572721,-122.307347
2075094,Private room,"Seattle, WA, United States",49,4.5,2,,1,60,47.65668,-122.3474
2112625,Private room,"Seattle, WA, United States",41,5,2,1,1.5,58,47.593942,-122.291088
2146241,Private room,"Renton, WA, United States",5,5,1,1,1,60,47.509636,-122.185021
2149219,Entire home/apt,"Seattle, WA, United States",39,5,4,1,1,174,47.613907,-122.32235
2150760,Entire home/apt,"Seattle, WA, United States",107,5,2,,1,85,47.552437,-122.270692
2187563,Entire home/apt,"Seattle, WA, United States",68,4.5,6,2,1,600,47.657362,-122.327625
2187615,Entire home/apt,"Seattle, WA, United States",5,4.5,3,,1,110,47.608744,-122.339081
2187906,Private room,"Seattle, WA, United States",288,5,2,1,0.5,25,47.694619,-122.360636
2191161,Entire home/apt,"Seattle, WA, United States",16,4.5,6,2,2,118,47.605895,-122.337715
2191169,Entire home/apt,"Seattle, WA, United States",106,4.5,6,2,2,100,,-122.337607
2191633,Entire home/apt,"Seattle, WA, United States",18,4.5,6,2,2,135,47.607412,-122.339167
2197168,Entire home/apt,"Seattle, WA, United States",155,5,4,2,1,125,47.580021,-122.306864
2197864,Private room,"Kirkland, WA, United States",37,5,1,1,1,42,47.680862,-122.16983
2197982,Entire home/apt,"Seattle, WA, United States",157,5,2,,1,75,47.692767,-122.328645
2215336,Entire home/apt,"Seattle, WA, United States",56,5,5,2,1,110,47.673731,-122.334571
2238105,Entire home/apt,"Seattle, WA, United States",111,5,2,1,1,81,47.663365,-122.362469
2267862,Entire home/apt,"Seattle, WA, United States",2,,2,,1,115,47.664051,-122.367419
2268329,Private room,"Seattle, WA, United States",85,4.5,2,1,1,68,47.618802,-122.309933
2277640,Entire home/apt,"Seattle, WA, United States",86,5,3,2,1,90,47.677132,-122.377918
2297917,Entire home/apt,"Seattle, WA, United States",80,5,4,1,1,78,47.709425,-122.363233
2298775,Private room,"Seattle, WA, United States",68,5,2,1,1,55,47.701453,-122.308225
2332949,Entire home/apt,"Seattle, WA, United States",130,5,10,4,3,250,47.645867,-122.321416
2358140,Entire home/apt,"Seattle, WA, United States",29,4.5,1,,1,89,47.659184,-122.315893
2367298,Entire home/apt,"Seattle, WA, United States",226,5,4,1,1,115,47.627747,-122.299765
2373176,Entire home/apt,"Seattle, WA, United States",132,5,2,1,1,72,47.639925,-122.367431
2387605,Private room,"Seattle, WA, United States",168,5,4,,,79,47.594125,-122.308662
2391699,Private room,"Seattle, WA, United States",368,5,1,,1,35,47.653968,-122.34508
2396734,Entire home/apt,"Seattle, WA, United States",87,5,8,4,1,169,47.676396,-122.389696
2413338,Private room,"Seattle, WA, United States",35,3,2,1,1,67,47.650295,-122.320631
2441908,Entire home/apt,"Ballard, Seattle, WA, United States",236,5,5,1,1,75,47.675916,-122.370474
2446092,Entire home/apt,"Kirkland, WA, United States",13,3.5,2,1,1,125,47.667739,-122.206078
2446384,Private room,"Seattle, WA, United States",45,5,2,,1,60,47.680746,-122.303509
2459519,Entire home/apt,"Seattle, WA, United States",32,5,10,6,4.5,700,47.645749,-122.318581
2471659,Entire home/apt,"Seattle, WA, United States",258,5,2,1,1,75,47.553771,-122.283684
2479562,Private room,"Kirkland, WA, United States",97,5,2,1,1,42,47.677749,-122.19179
2481189,Entire home/apt,"Seattle, WA, United States",104,5,6,3,2,250,47.636303,-122.347827
2481869,Entire home/apt,"Seattle, WA, United States",154,5,4,1,1,130,47.639008,-122.36532
2492143,Private room,"Seattle, WA, United States",48,4.5,2,1,1,95,47.648788,-122.389374
2500188,Private room,"Seattle, WA, United States",57,5,2,1,5,135,47.617144,-122.309594
2516391,Entire home/apt,"Seattle, WA, United States",154,5,4,,1,95,47.644821,-122.327488
2522091,Entire home/apt,"Seattle, WA, United States",94,5,2,1,1,110,47.586756,-122.391982
2536507,Entire home/apt,"Seattle, WA, United States",328,5,2,,1,99,47.583778,-122.399094
2540201,Entire home/apt,"Seattle, WA, United States",0,,2,2,1,55,47.6759,-122.31441
2540337,Entire home/apt,"Seattle, WA, United States",285,5,2,,1,89,47.636475,-122.339015
2578855,Entire home/apt,"Seattle, WA, United States",259,5,3,1,1,70,47.685837,-122.350399
2585090,Private room,"Kirkland, WA, United States",10,5,1,1,1,38,47.680862,-122.16983
2586350,Entire home/apt,"Seattle, WA, United States",142,4.5,6,,1,85,47.539639,-122.276871
2586642,Entire home/apt,"Seattle, WA, United States",62,4.5,4,2,1,123,47.642362,-122.377509
2593176,Private room,"Seattle, WA, United States",218,5,2,,2,42,47.611717,-122.31308
